{"cameraMode":{"drawMode":0,"name":"Shaded","section":"Shading Mode"},"sceneLighting":true,"audioPlay":false,"sceneViewState":{"m_AlwaysRefresh":false,"showFog":true,"showSkybox":true,"showFlares":true,"showImageEffects":true,"showParticleSystems":true,"showVisualEffectGraphs":true,"m_FxEnabled":true},"in2DMode":false,"pivot":{"x":34.112606048583987,"y":-0.2062053680419922,"z":38.645362854003909},"rotation":{"x":0.24369320273399354,"y":0.3057542145252228,"z":-0.08127156645059586,"w":0.916804850101471},"size":24.333736419677736,"orthographic":false}